year,receiving_country,confucius_institutes,cultural_centers,cultural_events,sister_cities,international_students,budget_support,humanitarian_assistance,infrastructure_investments,debt_relief,total_financial_pd,government_visits,military_visits,total_elite_visits,financialpd_oda,financialpd_oof,infrastructure_visible,Infrastructure_not_visible,financialpd_commit,financialpd_imp,infrastructure_govtsector
2000,Australia,0,0,5,48,,0,0,0,0,0,46,8,54,0,0, -   , -   ,0,0, -   
2001,Australia,0,0,2,49,,0,0,0,0,0,49,5,54,0,0, -   , -   ,0,0, -   
2002,Australia,0,0,0,50,1001,0,0,0,0,0,15,3,18,0,0, -   , -   ,0,0, -   
2003,Australia,0,0,0,55,918,0,0,0,0,0,13,6,19,0,0, -   , -   ,0,0, -   
2004,Australia,0,0,0,58,1159,0,0,0,0,0,9,4,13,0,0, -   , -   ,0,0, -   
2005,Australia,0,0,1,61,1591,0,0,0,0,0,20,4,24,0,0, -   , -   ,0,0, -   
2006,Australia,1,0,0,65,1420,0,0,0,0,0,14,1,15,0,0, -   , -   ,0,0, -   
2007,Australia,3,0,0,69,1464,0,0,0,0,0,7,4,11,0,0, -   , -   ,0,0, -   
2008,Australia,4,0,0,72,2083,0,0,0,0,0,21,1,22,0,0, -   , -   ,0,0, -   
2009,Australia,6,0,6,75,1874,0,0,0,0,0,23,4,27,0,0, -   , -   ,0,0, -   
2010,Australia,8,0,1,75,2892,0,0,0,0,0,18,4,22,0,0, -   , -   ,0,0, -   
2011,Australia,12,0,2,79,3330,0,0,0,0,0,25,5,30,0,0, -   , -   ,0,0, -   
2012,Australia,13,0,1,85,3246,0,0,0,0,0,21,5,26,0,0, -   , -   ,0,0, -   
2013,Australia,13,0,1,89,3446,0,0,0,0,0,16,5,21,0,0, -   , -   ,0,0, -   
2014,Australia,13,1,3,93,4721,0,0,0,0,0,13,9,22,0,0, -   , -   ,0,0, -   
2015,Australia,14,1,0,98,4411,0,0,0,0,0,9,3,12,0,0, -   , -   ,0,0, -   
2016,Australia,14,1,,103,4796,0,0,0,0,0,,,0,0,0, -   , -   ,0,0, -   
2000,Brunei,0,0,1,0,,0,0,0,0,0,4,0,4,0,0, -   , -   ,0,0, -   
2001,Brunei,0,0,5,0,,0,0,0,0,0,14,0,14,0,0, -   , -   ,0,0, -   
2002,Brunei,0,0,1,0,4,0,0,0,0,0,7,1,8,0,0, -   , -   ,0,0, -   
2003,Brunei,0,0,0,0,4,0,0,0,0,0,3,1,4,0,0, -   , -   ,0,0, -   
2004,Brunei,0,0,0,0,6,0,0,0,0,0,7,2,9,0,0, -   , -   ,0,0, -   
2005,Brunei,0,0,0,0,7,0,0,0,0,0,3,0,3,0,0, -   , -   ,0,0, -   
2006,Brunei,0,0,2,0,10,0,0,0,0,0,11,0,11,0,0, -   , -   ,0,0, -   
2007,Brunei,0,0,4,0,13,0,0,0,0,0,3,1,4,0,0, -   , -   ,0,0, -   
2008,Brunei,0,0,2,0,36,0,0,0,0,0,6,2,8,0,0, -   , -   ,0,0, -   
2009,Brunei,0,0,0,0,22,0,0,0,0,0,6,3,9,0,0, -   , -   ,0,0, -   
2010,Brunei,0,0,0,0,31,0,0,0,0,0,6,0,6,0,0, -   , -   ,0,0, -   
2011,Brunei,0,0,1,1,36,0,0,0,0,0,5,2,7,0,0, -   , -   ,0,0, -   
2012,Brunei,0,0,1,1,44,0,0,0,0,0,5,1,6,0,0, -   , -   ,0,0, -   
2013,Brunei,0,0,1,1,29,0,0,0,0,0,6,0,6,0,0, -   , -   ,0,0, -   
2014,Brunei,0,0,0,1,87,0,0,0,0,0,3,1,4,0,0, -   , -   ,0,0, -   
2015,Brunei,0,0,0,1,62,0,0,207732393,0,207732393,5,0,5,0,207732393,"207,732,393", -   ,0,207732393, -   
2016,Brunei,0,0,,1,70,0,0,0,0,0,,,0,0,0, -   , -   ,0,0, -   
2000,Cambodia,0,0,3,0,,0,1962114,14015101,0,15977215,14,3,17,15977215.29,0, -   ,"14,015,101",15416611.25,560604.0453, -   
2001,Cambodia,0,0,5,0,,0,0,8902165,0,8902165,17,1,18,8902165.12,0,"4,507,391","4,394,775",0,8902165.12,"4,507,391"
2002,Cambodia,0,0,0,0,151,0,0,0,452035245,452035245,2,1,3,452035244.6,0, -   , -   ,0,452035244.6, -   
2003,Cambodia,0,0,1,0,139,13309677,0,52879050,0,66188727,5,1,6,66188727.41,0,"52,879,050", -   ,0,66188727.41, -   
2004,Cambodia,0,0,0,0,180,62246095,103040,0,0,62349135,7,2,9,103039.7057,0, -   , -   ,62246094.69,103039.7057, -   
2005,Cambodia,0,0,0,0,188,0,0,113871350,0,113871350,26,0,26,53947891.24,59923458.53,"53,947,891","59,923,459",0,113871349.8,"53,947,891"
2006,Cambodia,0,0,0,1,221,0,0,1163427453,0,1163427453,15,1,16,59780857.27,1103646596,"59,780,857","1,103,646,596",0,1163427453,"59,780,857"
2007,Cambodia,0,0,0,4,225,0,0,415550508,0,415550508,14,2,16,97042516.67,318507991.3,"386,669,027","28,881,481",0,415550508, -   
2008,Cambodia,0,0,0,6,299,0,0,0,0,0,10,2,12,0,0, -   , -   ,0,0, -   
2009,Cambodia,1,0,0,7,406,0,0,486860430,0,486860430,14,1,15,444770731.4,42089698.28,"277,640,766","209,219,663",0,486860429.6,"10,449,661"
2010,Cambodia,1,0,0,8,502,0,641426,1260102770,251539618,1512283814,14,2,16,833126846.3,0,"62,774,190","1,197,328,580",0,1512283814, -   
2011,Cambodia,1,0,0,10,775,0,10840668,652220777,0,663061445,11,0,11,393751418,158311294.1,"475,672,240","176,548,537",0,663061444.7, -   
2012,Cambodia,1,0,0,10,1336,25416850,0,570853764,0,596270614,14,1,15,143410885.4,300252722.5,"465,216,462","105,637,302",0,596270614.1, -   
2013,Cambodia,1,0,1,11,1390,0,101736342,2325486208,0,2427222550,8,2,10,395250209.3,300441361.5,"627,507,106","1,697,979,102",46523696.14,2380698853, -   
2014,Cambodia,1,0,2,15,1446,0,0,164121374,0,164121374,10,0,10,44369599.36,119751775,"156,053,175","8,068,199",36301400,127819974.4, -   
2015,Cambodia,1,0,0,15,1829,0,0,632520087,0,632520087,16,0,16,321939793.2,0,"470,452,772","162,067,314",0,632520086.6, -   
2016,Cambodia,1,1,,18,2250,0,0,202652954,96612588,299265542,,,0,187839023.4,0,"111,426,518","91,226,436",91226435.84,208039105.3, -   
2000,Fiji,0,0,0,1,,0,0,0,0,0,4,3,7,0,0, -   , -   ,0,0, -   
2001,Fiji,0,0,0,1,,0,0,272819,0,272819,7,0,7,272818.8671,0,"272,819", -   ,0,272818.8671,"272,819"
2002,Fiji,0,0,0,1,5,0,0,0,0,0,7,1,8,0,0, -   , -   ,0,0, -   
2003,Fiji,0,0,1,1,9,0,0,0,0,0,4,0,4,0,0, -   , -   ,0,0, -   
2004,Fiji,0,0,1,1,5,0,0,0,0,0,2,0,2,0,0, -   , -   ,0,0, -   
2005,Fiji,0,0,0,1,7,0,0,0,0,0,7,2,9,0,0, -   , -   ,0,0, -   
2006,Fiji,0,0,0,1,24,0,0,0,0,0,9,0,9,0,0, -   , -   ,0,0, -   
2007,Fiji,0,0,0,1,29,244129784,0,0,0,244129784,4,0,4,0,0, -   , -   ,0,244129783.8, -   
2008,Fiji,0,0,2,1,41,0,0,103010068,0,103010068,6,0,6,0,0,"103,010,068", -   ,97770198.16,5239869.755, -   
2009,Fiji,0,0,3,1,56,0,40713,161349082,0,161389795,4,0,4,48614886.07,112774909.2,"48,574,173","112,774,909",48574173.11,112815622.2, -   
2010,Fiji,0,0,0,2,60,5573034,95666,0,0,5668700,10,0,10,5668700.807,0, -   , -   ,5573034.466,95666.34172, -   
2011,Fiji,0,0,5,3,82,0,0,202350689,0,202350689,12,0,12,169939059.6,0,"202,350,689", -   ,0,202350689.5, -   
2012,Fiji,1,0,0,3,107,0,5295177,131214490,0,136509667,12,0,12,136509667.5,0,"131,214,490", -   ,5295177.174,131214490.4, -   
2013,Fiji,1,0,1,3,117,0,0,2541883,0,2541883,5,3,8,2541883.41,0, -   ,"2,541,883",0,2541883.41, -   
2014,Fiji,1,0,1,4,145,24416311,0,0,0,24416311,5,0,5,24416311.41,0, -   , -   ,0,24416311.41, -   
2015,Fiji,1,1,4,4,155,0,0,14256145,0,14256145,4,2,6,14256144.62,0,"14,256,145", -   ,0,14256144.62, -   
2016,Fiji,1,1,,4,179,0,8867949,0,0,8867949,,,0,8867949.144,0, -   , -   ,0,8867949.144, -   
2000,Indonesia,0,0,3,1,,0,0,0,0,0,15,3,18,0,0, -   , -   ,0,0, -   
2001,Indonesia,0,0,8,1,,0,0,0,0,0,29,1,30,0,0, -   , -   ,0,0, -   
2002,Indonesia,0,0,0,4,2583,0,226018,0,0,226018,9,2,11,226017.6223,0, -   , -   ,0,226017.6223, -   
2003,Indonesia,0,0,2,6,2563,13309677,0,898943851,0,912253528,14,4,18,13309677.37,898943850.7, -   ,"898,943,851",0,912253528.1, -   
2004,Indonesia,0,0,1,6,3750,0,1442556,704791587,0,706234143,6,1,7,1442555.88,704791586.9,"329,727,058","375,064,529",0,706234142.8, -   
2005,Indonesia,0,0,0,8,4616,0,19980092,515583385,0,535563477,10,0,10,203625983.1,331937493.4, -   ,"515,583,385",190836706.3,344726770.1, -   
2006,Indonesia,0,0,0,10,5652,0,5985745,0,0,5985745,14,2,16,5985745.193,0, -   , -   ,0,5985745.193, -   
2007,Indonesia,0,0,0,10,6590,0,3466643,0,0,3466643,11,4,15,3466642.931,0, -   , -   ,0,3466642.931, -   
2008,Indonesia,0,0,0,11,7084,0,0,1727502323,0,1727502323,11,0,11,0,816316551.3, -   ,"1,727,502,323",0,1727502323, -   
2009,Indonesia,0,0,0,12,7926,0,678549,2340316859,0,2340995408,3,1,4,678549.3938,1289922398, -   ,"2,340,316,859",397629944.8,1943365464, -   
2010,Indonesia,1,0,1,12,27539,0,1857678,0,0,1857678,9,2,11,1857678.155,0, -   , -   ,0,1857678.155, -   
2011,Indonesia,6,0,0,15,10957,0,0,147628314,0,147628314,8,2,10,147628314.3,0, -   ,"147,628,314",0,147628314.3, -   
2012,Indonesia,6,0,1,17,13144,0,0,336773268,0,336773268,5,0,5,0,336773268.3, -   ,"336,773,268",336773268.3,0, -   
2013,Indonesia,6,0,0,18,13492,0,0,945580628,0,945580628,7,1,8,0,711727354.7, -   ,"945,580,628",132177937.3,813402691.1, -   
2014,Indonesia,6,0,0,19,13689,0,0,1141701178,0,1141701178,9,0,9,465717531.4,240983647,"527,707,999","613,993,179",700717531.4,440983647, -   
2015,Indonesia,6,1,0,20,12694,0,0,162927367,0,162927367,9,2,11,0,162927367.1, -   ,"162,927,367",0,162927367.1, -   
2016,Indonesia,6,1,,21,14714,0,0,0,0,0,,,0,0,0, -   , -   ,0,0, -   
2000,Japan,0,0,5,279,,0,0,0,0,0,36,5,41,0,0, -   , -   ,0,0, -   
2001,Japan,0,0,1,286,,0,0,0,0,0,24,3,27,0,0, -   , -   ,0,0, -   
2002,Japan,0,0,0,300,16084,0,0,0,0,0,10,0,10,0,0, -   , -   ,0,0, -   
2003,Japan,0,0,0,303,12765,0,0,0,0,0,8,3,11,0,0, -   , -   ,0,0, -   
2004,Japan,0,0,0,318,19059,0,0,0,0,0,9,2,11,0,0, -   , -   ,0,0, -   
2005,Japan,1,0,0,325,18874,0,0,0,0,0,12,1,13,0,0, -   , -   ,0,0, -   
2006,Japan,5,0,0,337,18363,0,0,0,0,0,8,0,8,0,0, -   , -   ,0,0, -   
2007,Japan,9,0,0,343,18640,0,0,0,0,0,10,2,12,0,0, -   , -   ,0,0, -   
2008,Japan,11,0,1,348,16733,0,0,0,0,0,1,4,5,0,0, -   , -   ,0,0, -   
2009,Japan,11,1,4,353,15409,0,0,0,0,0,15,4,19,0,0, -   , -   ,0,0, -   
2010,Japan,12,1,9,359,16808,0,0,0,0,0,14,1,15,0,0, -   , -   ,0,0, -   
2011,Japan,12,1,2,367,17961,0,0,0,0,0,10,3,13,0,0, -   , -   ,0,0, -   
2012,Japan,13,1,1,373,21126,0,0,0,0,0,6,0,6,0,0, -   , -   ,0,0, -   
2013,Japan,13,1,0,375,17226,0,0,0,0,0,4,0,4,0,0, -   , -   ,0,0, -   
2014,Japan,13,1,2,376,15057,0,0,0,0,0,13,0,13,0,0, -   , -   ,0,0, -   
2015,Japan,13,1,2,377,14085,0,0,0,0,0,13,0,13,0,0, -   , -   ,0,0, -   
2016,Japan,14,1,,377,13595,0,0,0,0,0,,,0,0,0, -   , -   ,0,0, -   
2000,Kiribati,0,0,0,0,,0,0,0,0,0,6,0,6,0,0, -   , -   ,0,0, -   
2001,Kiribati,0,0,0,0,,0,0,0,0,0,3,0,3,0,0, -   , -   ,0,0, -   
2002,Kiribati,0,0,0,0,10,0,0,0,0,0,8,0,8,0,0, -   , -   ,0,0, -   
2003,Kiribati,0,0,0,0,,0,0,0,0,0,0,0,0,0,0, -   , -   ,0,0, -   
2004,Kiribati,0,0,0,0,,0,0,0,0,0,0,0,0,0,0, -   , -   ,0,0, -   
2005,Kiribati,0,0,0,0,,0,0,0,0,0,0,0,0,0,0, -   , -   ,0,0, -   
2006,Kiribati,0,0,0,0,,0,0,0,0,0,0,0,0,0,0, -   , -   ,0,0, -   
2007,Kiribati,0,0,0,0,,0,0,0,0,0,0,0,0,0,0, -   , -   ,0,0, -   
2008,Kiribati,0,0,0,0,,0,0,0,0,0,0,0,0,0,0, -   , -   ,0,0, -   
2009,Kiribati,0,0,0,0,,0,0,0,0,0,0,0,0,0,0, -   , -   ,0,0, -   
2010,Kiribati,0,0,0,0,,0,0,0,0,0,0,0,0,0,0, -   , -   ,0,0, -   
2011,Kiribati,0,0,0,0,,0,0,0,0,0,0,0,0,0,0, -   , -   ,0,0, -   
2012,Kiribati,0,0,0,0,,0,0,0,0,0,0,0,0,0,0, -   , -   ,0,0, -   
2013,Kiribati,0,0,0,0,,0,0,0,0,0,0,0,0,0,0, -   , -   ,0,0, -   
2014,Kiribati,0,0,0,0,,0,0,0,0,0,0,0,0,0,0, -   , -   ,0,0, -   
2015,Kiribati,0,0,0,0,,0,0,0,0,0,0,0,0,0,0, -   , -   ,0,0, -   
2016,Kiribati,0,0,,0,13,0,0,0,0,0,,,0,0,0, -   , -   ,0,0, -   
2000,"Korea, Dem. Rep.",0,0,7,6,,0,0,0,0,0,14,4,18,0,0, -   , -   ,0,0, -   
2001,"Korea, Dem. Rep.",0,0,2,6,,0,0,0,0,0,15,3,18,0,0, -   , -   ,0,0, -   
2002,"Korea, Dem. Rep.",0,0,1,6,671,0,0,0,0,0,2,0,2,0,0, -   , -   ,0,0, -   
2003,"Korea, Dem. Rep.",0,0,0,7,638,0,0,0,0,0,7,1,8,0,0, -   , -   ,0,0, -   
2004,"Korea, Dem. Rep.",0,0,0,7,626,0,"2,489,844",0,0,2489844,5,0,5,2489843.788,0, -   , -   ,0,2489843.788, -   
2005,"Korea, Dem. Rep.",0,0,0,7,756,0,0,"62,320,397",0,62320397,5,0,5,62320396.87,0, -   ,"62,320,397",0,62320396.87, -   
2006,"Korea, Dem. Rep.",0,0,1,7,715,0,0,0,0,0,7,1,8,0,0, -   , -   ,0,0, -   
2007,"Korea, Dem. Rep.",0,0,1,7,877,0,0,0,0,0,5,0,5,0,0, -   , -   ,0,0, -   
2008,"Korea, Dem. Rep.",0,0,1,7,760,0,0,0,0,0,4,0,4,0,0, -   , -   ,0,0, -   
2009,"Korea, Dem. Rep.",0,0,3,7,865,0,0,0,0,0,8,2,10,0,0, -   , -   ,0,0, -   
2010,"Korea, Dem. Rep.",0,0,2,7,1154,0,0,0,0,0,12,1,13,0,0, -   , -   ,0,0, -   
2011,"Korea, Dem. Rep.",0,0,1,7,1435,0,0,0,0,0,10,1,11,0,0, -   , -   ,0,0, -   
2012,"Korea, Dem. Rep.",0,0,1,8,1535,0,"19,062,638",0,0,19062638,6,0,6,19062637.83,0, -   , -   ,0,19062637.83, -   
2013,"Korea, Dem. Rep.",0,0,1,8,1671,0,0,0,0,0,4,0,4,0,0, -   , -   ,0,0, -   
2014,"Korea, Dem. Rep.",0,0,0,8,1680,0,0,0,0,0,3,0,3,0,0, -   , -   ,0,0, -   
2015,"Korea, Dem. Rep.",0,0,0,8,1878,0,0,0,0,0,3,0,3,0,0, -   , -   ,0,0, -   
2016,"Korea, Dem. Rep.",0,0,,8,1829,0,0,0,0,0,,,0,0,0, -   , -   ,0,0, -   
2000,"Korea, Rep",0,0,2,58,,0,0,0,0,0,19,3,22,0,0, -   , -   ,0,0, -   
2001,"Korea, Rep",0,0,1,62,,0,0,0,0,0,26,7,33,0,0, -   , -   ,0,0, -   
2002,"Korea, Rep",0,0,0,64,36093,0,0,0,0,0,6,0,6,0,0, -   , -   ,0,0, -   
2003,"Korea, Rep",0,0,0,73,35363,0,0,0,0,0,11,0,11,0,0, -   , -   ,0,0, -   
2004,"Korea, Rep",1,1,1,76,43617,0,0,0,0,0,8,0,8,0,0, -   , -   ,0,0, -   
2005,"Korea, Rep",1,2,0,84,54079,0,0,0,0,0,8,0,8,0,0, -   , -   ,0,0, -   
2006,"Korea, Rep",4,2,1,90,57504,0,0,0,0,0,6,1,7,0,0, -   , -   ,0,0, -   
2007,"Korea, Rep",11,2,0,101,64481,0,0,0,0,0,7,1,8,0,0, -   , -   ,0,0, -   
2008,"Korea, Rep",12,2,0,105,66806,0,0,0,0,0,14,0,14,0,0, -   , -   ,0,0, -   
2009,"Korea, Rep",16,2,0,114,64232,0,0,0,0,0,13,0,13,0,0, -   , -   ,0,0, -   
2010,"Korea, Rep",16,2,1,118,62957,0,0,0,0,0,13,0,13,0,0, -   , -   ,0,0, -   
2011,"Korea, Rep",17,2,0,123,62442,0,0,0,0,0,11,1,12,0,0, -   , -   ,0,0, -   
2012,"Korea, Rep",18,2,0,136,63488,0,0,0,0,0,14,0,14,0,0, -   , -   ,0,0, -   
2013,"Korea, Rep",18,2,0,148,63029,0,0,0,0,0,12,1,13,0,0, -   , -   ,0,0, -   
2014,"Korea, Rep",20,2,0,156,62923,0,0,0,0,0,9,0,9,0,0, -   , -   ,0,0, -   
2015,"Korea, Rep",21,2,0,168,66672,0,0,0,0,0,6,1,7,0,0, -   , -   ,0,0, -   
2016,"Korea, Rep",22,2,,180,70540,0,0,0,0,0,,,0,0,0, -   , -   ,0,0, -   
2000,Laos,0,0,2,0,,0,0,0,0,0,21,6,27,0,0, -   , -   ,0,0, -   
2001,Laos,0,0,4,0,,0,0,313741697,0,313741697,29,3,32,68204716.77,245536980.4, -   ,"313,741,697",68204716.77,245536980.4, -   
2002,Laos,0,0,0,1,333,0,0,0,0,0,2,0,2,0,0, -   , -   ,0,0, -   
2003,Laos,0,0,0,1,403,0,0,0,0,0,6,0,6,0,0, -   , -   ,0,0, -   
2004,Laos,0,0,0,1,509,0,0,91105411,0,91105411,9,0,9,0,83635879.81,"7,469,531","83,635,880",0,91105411.17, -   
2005,Laos,0,0,0,1,569,0,0,0,0,0,6,0,6,0,0, -   , -   ,0,0, -   
2006,Laos,0,0,0,1,833,0,0,0,82773495,82773495,5,1,6,82773494.68,0, -   , -   ,0,82773494.68, -   
2007,Laos,0,0,0,1,943,0,0,259356094,0,259356094,8,1,9,96602904.57,146477870.3,"259,356,094", -   ,0,259356093.8, -   
2008,Laos,0,0,1,2,1161,275783,137891,0,0,413674,7,0,7,413673.928,0, -   , -   ,0,413673.928, -   
2009,Laos,0,0,0,3,1557,0,354855,590337973,0,590692828,9,0,9,172706401.1,417986426.6, -   ,"590,337,973",0,590692827.7, -   
2010,Laos,1,0,0,4,1859,0,0,212834181,0,212834181,13,1,14,83291277.5,0,"212,834,181", -   ,0,212834180.6, -   
2011,Laos,1,0,0,5,2395,0,33300,1708467403,0,1708500703,10,0,10,33299.61977,1631163792,"215,534,450","1,492,932,953",0,1708500703, -   
2012,Laos,1,0,0,6,2773,0,335545,790841946,0,791177491,4,1,5,452038.7634,732005100.2,"91,878,559","698,963,387",0,791177490.5, -   
2013,Laos,1,0,0,6,3999,0,0,93782862,0,93782862,6,0,6,0,0, -   ,"93,782,862",0,93782861.79, -   
2014,Laos,1,1,1,9,5040,0,0,82000000,0,82000000,5,0,5,82000000,0,"82,000,000", -   ,0,82000000, -   
2015,Laos,1,1,0,13,6918,0,490549,488782101,0,489272650,4,1,5,489272650.2,0,"488,782,101", -   ,0,489272650.2, -   
2016,Laos,1,1,,14,9907,0,0,0,0,0,,,0,0,0, -   , -   ,0,0, -   
2000,Malaysia,0,0,1,1,,0,0,0,0,0,17,5,22,0,0, -   , -   ,0,0, -   
2001,Malaysia,0,0,2,1,,0,0,0,0,0,20,1,21,0,0, -   , -   ,0,0, -   
2002,Malaysia,0,0,0,1,840,0,0,0,0,0,6,2,8,0,0, -   , -   ,0,0, -   
2003,Malaysia,0,0,0,1,841,0,0,0,0,0,6,1,7,0,0, -   , -   ,0,0, -   
2004,Malaysia,0,0,0,3,1241,0,40945,0,0,40945,14,2,16,40944.72515,0, -   , -   ,0,40944.72515, -   
2005,Malaysia,0,0,0,4,1589,0,392825,0,0,392825,5,0,5,392825.436,0, -   , -   ,0,392825.436, -   
2006,Malaysia,0,0,2,5,1743,0,0,0,0,0,2,2,4,0,0, -   , -   ,0,0, -   
2007,Malaysia,0,0,2,5,1908,0,0,1302025514,0,1302025514,6,0,6,0,1302025514,"1,302,025,514", -   ,0,1302025514, -   
2008,Malaysia,0,0,1,6,2114,0,0,0,0,0,5,0,5,0,0, -   , -   ,0,0, -   
2009,Malaysia,0,0,0,7,2792,0,0,0,0,0,2,1,3,0,0, -   , -   ,0,0, -   
2010,Malaysia,0,0,0,9,3885,0,0,0,0,0,7,0,7,0,0, -   , -   ,0,0, -   
2011,Malaysia,0,0,0,20,4259,0,0,0,0,0,6,1,7,0,0, -   , -   ,0,0, -   
2012,Malaysia,1,0,0,30,6045,0,0,0,0,0,11,0,11,0,0, -   , -   ,0,0, -   
2013,Malaysia,1,0,0,32,6126,0,0,0,0,0,6,0,6,0,0, -   , -   ,0,0, -   
2014,Malaysia,1,0,1,34,6645,0,25666,0,0,25666,9,0,9,25665.62777,0, -   , -   ,0,25665.62777, -   
2015,Malaysia,2,1,0,38,6650,0,1653415,0,0,1653415,8,0,8,1653414.59,0, -   , -   ,0,1653414.59, -   
2016,Malaysia,2,1,,40,6880,0,0,12097693964,0,12097693964,,,0,12097693964,0,"12,097,693,964", -   ,0,12097693964, -   
2000,"Micronesia, Fed. Sts.",0,0,0,2,,0,0,0,0,0,2,0,2,0,0, -   , -   ,0,0, -   
2001,"Micronesia, Fed. Sts.",0,0,0,2,,0,0,0,0,0,0,0,0,0,0, -   , -   ,0,0, -   
2002,"Micronesia, Fed. Sts.",0,0,0,2,,0,0,0,0,0,3,0,3,0,0, -   , -   ,0,0, -   
2003,"Micronesia, Fed. Sts.",0,0,0,2,4,0,0,0,0,0,2,0,2,0,0, -   , -   ,0,0, -   
2004,"Micronesia, Fed. Sts.",0,0,0,2,,0,0,0,0,0,5,0,5,0,0, -   , -   ,0,0, -   
2005,"Micronesia, Fed. Sts.",0,0,0,2,5,0,0,0,0,0,6,0,6,0,0, -   , -   ,0,0, -   
2006,"Micronesia, Fed. Sts.",0,0,0,2,21,0,0,0,0,0,7,0,7,0,0, -   , -   ,0,0, -   
2007,"Micronesia, Fed. Sts.",0,0,0,2,30,0,0,0,0,0,6,0,6,0,0, -   , -   ,0,0, -   
2008,"Micronesia, Fed. Sts.",0,0,0,2,53,0,0,0,0,0,5,0,5,0,0, -   , -   ,0,0, -   
2009,"Micronesia, Fed. Sts.",0,0,0,2,54,0,0,0,0,0,5,0,5,0,0, -   , -   ,0,0, -   
2010,"Micronesia, Fed. Sts.",0,0,1,2,54,0,0,0,0,0,8,0,8,0,0, -   , -   ,0,0, -   
2011,"Micronesia, Fed. Sts.",0,0,2,4,47,0,0,0,0,0,6,0,6,0,0, -   , -   ,0,0, -   
2012,"Micronesia, Fed. Sts.",0,0,1,4,38,0,0,0,0,0,4,0,4,0,0, -   , -   ,0,0, -   
2013,"Micronesia, Fed. Sts.",0,0,0,4,36,0,0,0,0,0,2,0,2,0,0, -   , -   ,0,0, -   
2014,"Micronesia, Fed. Sts.",0,0,0,4,37,0,0,0,0,0,6,0,6,0,0, -   , -   ,0,0, -   
2015,"Micronesia, Fed. Sts.",0,0,0,4,58,0,0,0,0,0,7,0,7,0,0, -   , -   ,0,0, -   
2016,"Micronesia, Fed. Sts.",0,0,,4,14,0,0,0,0,0,,,0,0,0, -   , -   ,0,0, -   
2000,Mongolia,0,0,0,3,,0,0,0,0,0,7,4,11,0,0, -   , -   ,0,0, -   
2001,Mongolia,0,0,5,3,,0,0,12360303,0,12360303,8,3,11,12360303.31,0,"12,360,303", -   ,12360303.31,0,"12,360,303"
2002,Mongolia,0,0,0,3,968,0,0,0,2040385,2040385,4,0,4,2040385.381,0, -   , -   ,2040385.381,0, -   
2003,Mongolia,0,0,0,4,1060,0,1330968,0,0,1330968,2,0,2,1330967.737,0, -   , -   ,0,1330967.737, -   
2004,Mongolia,0,0,0,5,1333,0,0,0,0,0,3,0,3,0,0, -   , -   ,0,0, -   
2005,Mongolia,0,0,0,5,1956,0,0,0,0,0,5,0,5,0,0, -   , -   ,0,0, -   
2006,Mongolia,0,0,0,6,2715,0,0,0,0,0,8,0,8,0,0, -   , -   ,0,0, -   
2007,Mongolia,1,0,0,7,3618,0,0,6835634,0,6835634,8,1,9,6835633.948,0,"6,835,634", -   ,0,6835633.948,"6,835,634"
2008,Mongolia,1,0,0,7,4774,0,0,31750906,0,31750906,8,1,9,31750906.46,0,"31,750,906", -   ,0,31750906.46, -   
2009,Mongolia,1,0,4,9,5684,0,0,0,0,0,9,2,11,0,0, -   , -   ,0,0, -   
2010,Mongolia,1,1,1,9,6211,0,1983448,0,0,1983448,9,2,11,1983447.964,0, -   , -   ,0,1983447.964, -   
2011,Mongolia,1,1,0,9,7112,0,0,554993663,0,554993663,7,0,7,0,554993662.9,"554,993,663", -   ,554993662.9,0, -   
2012,Mongolia,1,1,2,11,8210,0,0,211807087,0,211807087,5,0,5,211807087,0,"211,807,087", -   ,0,211807087,"211,807,087"
2013,Mongolia,1,1,2,13,8054,0,0,0,0,0,8,0,8,0,0, -   , -   ,0,0, -   
2014,Mongolia,1,1,1,18,7920,0,0,270000000,0,270000000,8,0,8,270000000,0,"270,000,000", -   ,270000000,0, -   
2015,Mongolia,3,1,0,24,7428,0,0,1018296044,0,1018296044,8,0,8,1018296044,0, -   ,"1,018,296,044",1018296044,0, -   
2016,Mongolia,3,1,,28,8508,0,0,151359721,0,151359721,,,0,151359720.6,0,"151,359,721", -   ,0,151359720.6, -   
2000,Myanmar,0,0,10,1,,0,0,530103584,0,530103584,22,2,24,40958229.26,489145354.3,"348,072","529,755,511",0,530103583.5, -   
2001,Myanmar,0,0,3,2,,0,0,0,0,0,14,2,16,0,0, -   , -   ,0,0, -   
2002,Myanmar,0,0,0,2,232,0,0,0,162732688,162732688,0,0,0,162732688,0, -   , -   ,0,162732688, -   
2003,Myanmar,0,0,0,2,232,0,0,440658750,0,440658750,9,0,9,440658750.4,0, -   ,"440,658,750",0,440658750.4, -   
2004,Myanmar,0,0,0,2,397,0,0,422865151,0,422865151,8,0,8,6971562.606,3734765.682,"6,971,563","415,893,588",0,422865151, -   
2005,Myanmar,0,0,0,2,494,0,3091752,0,0,3091752,14,0,14,3091751.898,0, -   , -   ,0,3091751.898, -   
2006,Myanmar,0,0,0,2,538,0,0,207853442,55366157,263219599,16,1,17,55366156.96,149911995.9, -   ,"207,853,442",113307603.2,149911995.9, -   
2007,Myanmar,0,0,0,2,645,0,0,0,0,0,5,0,5,0,0, -   , -   ,0,0, -   
2008,Myanmar,0,0,0,3,652,0,8021665,0,0,8021665,6,1,7,8021664.602,0, -   , -   ,0,8021664.602, -   
2009,Myanmar,0,0,0,4,1026,0,11124711,0,0,11124711,5,0,5,11124711.41,0, -   , -   ,0,11124711.41, -   
2010,Myanmar,0,0,0,5,972,0,0,0,0,0,3,0,3,0,0, -   , -   ,0,0, -   
2011,Myanmar,0,0,1,5,1529,0,554994,0,0,554994,4,0,4,554993.6629,0, -   , -   ,0,554993.6629, -   
2012,Myanmar,0,0,3,6,1872,0,5043763,6724875,0,11768638,6,0,6,11768638.35,0,"6,724,875", -   ,0,11768638.35, -   
2013,Myanmar,0,0,2,6,2299,0,0,130692,0,130692,4,0,4,130692.2291,0,"130,692", -   ,0,130692.2291, -   
2014,Myanmar,0,0,0,7,2317,0,0,121908,0,121908,15,0,15,121908.3846,0,"121,908", -   ,0,121908.3846, -   
2015,Myanmar,0,0,1,7,4733,0,4366309,0,0,4366309,7,0,7,4366309.461,0, -   , -   ,0,4366309.461, -   
2016,Myanmar,0,0,,7,5662,0,16860990,0,0,16860990,,,0,16860989.65,0, -   , -   ,0,16860989.65, -   
2000,Nauru,0,0,0,0,,0,0,0,0,0,0,0,0,0,0, -   , -   ,0,0, -   
2001,Nauru,0,0,0,0,,0,0,0,0,0,0,0,0,0,0, -   , -   ,0,0, -   
2002,Nauru,0,0,0,0,2,135610573,0,0,174033569,309644142,5,0,5,309644142.5,0, -   , -   ,309644142.5,0, -   
2003,Nauru,0,0,2,0,2,0,0,0,0,0,1,0,1,0,0, -   , -   ,0,0, -   
2004,Nauru,0,0,0,0,2,0,0,0,0,0,5,0,5,0,0, -   , -   ,0,0, -   
2005,Nauru,0,0,0,0,,0,0,0,0,0,0,0,0,0,0, -   , -   ,0,0, -   
2006,Nauru,0,0,0,0,,0,0,0,0,0,0,0,0,0,0, -   , -   ,0,0, -   
2007,Nauru,0,0,0,0,,0,0,0,0,0,0,0,0,0,0, -   , -   ,0,0, -   
2008,Nauru,0,0,0,0,,0,0,0,0,0,0,0,0,0,0, -   , -   ,0,0, -   
2009,Nauru,0,0,0,0,,0,0,0,0,0,0,0,0,0,0, -   , -   ,0,0, -   
2010,Nauru,0,0,0,0,,0,0,0,0,0,0,0,0,0,0, -   , -   ,0,0, -   
2011,Nauru,0,0,0,0,,0,0,0,0,0,0,0,0,0,0, -   , -   ,0,0, -   
2012,Nauru,0,0,0,0,,0,0,0,0,0,0,0,0,0,0, -   , -   ,0,0, -   
2013,Nauru,0,0,0,0,,0,0,0,0,0,0,0,0,0,0, -   , -   ,0,0, -   
2014,Nauru,0,0,1,0,,0,0,0,0,0,0,2,2,0,0, -   , -   ,0,0, -   
2015,Nauru,0,0,0,0,,0,0,0,0,0,0,0,0,0,0, -   , -   ,0,0, -   
2016,Nauru,0,0,,0,2,0,0,0,0,0,,,0,0,0, -   , -   ,0,0, -   
2000,New Zealand,0,0,2,17,,0,0,0,0,0,41,4,45,0,0, -   , -   ,0,0, -   
2001,New Zealand,0,0,6,17,,0,0,0,0,0,57,4,61,0,0, -   , -   ,0,0, -   
2002,New Zealand,0,0,0,17,97,0,0,0,0,0,13,4,17,0,0, -   , -   ,0,0, -   
2003,New Zealand,0,0,0,18,117,0,0,0,0,0,7,4,11,0,0, -   , -   ,0,0, -   
2004,New Zealand,0,0,0,19,127,0,0,0,0,0,13,2,15,0,0, -   , -   ,0,0, -   
2005,New Zealand,0,0,0,20,159,0,0,0,0,0,7,4,11,0,0, -   , -   ,0,0, -   
2006,New Zealand,0,0,0,23,195,0,0,0,0,0,13,3,16,0,0, -   , -   ,0,0, -   
2007,New Zealand,1,0,2,23,240,0,0,0,0,0,13,3,16,0,0, -   , -   ,0,0, -   
2008,New Zealand,1,0,0,26,359,0,0,0,0,0,7,2,9,0,0, -   , -   ,0,0, -   
2009,New Zealand,1,0,3,27,445,0,0,0,0,0,11,4,15,0,0, -   , -   ,0,0, -   
2010,New Zealand,3,0,0,28,443,0,0,0,0,0,10,6,16,0,0, -   , -   ,0,0, -   
2011,New Zealand,3,0,0,29,569,0,554994,0,0,554994,12,4,16,0,554993.6629, -   , -   ,0,554993.6629, -   
2012,New Zealand,3,0,0,29,610,0,0,0,0,0,11,3,14,0,0, -   , -   ,0,0, -   
2013,New Zealand,3,0,1,30,751,0,0,0,0,0,13,3,16,0,0, -   , -   ,0,0, -   
2014,New Zealand,3,0,2,32,845,0,0,0,0,0,13,3,16,0,0, -   , -   ,0,0, -   
2015,New Zealand,3,1,4,33,754,0,0,0,0,0,12,4,16,0,0, -   , -   ,0,0, -   
2016,New Zealand,3,1,,35,895,0,0,0,0,0,,,0,0,0, -   , -   ,0,0, -   
2000,Papua New Guinea,0,0,0,3,,0,0,2803020,0,2803020,7,2,9,2803020.226,0,"2,803,020", -   ,0,2803020.226,"2,803,020"
2001,Papua New Guinea,0,0,0,3,,0,0,0,0,0,8,1,9,0,0, -   , -   ,0,0, -   
2002,Papua New Guinea,0,0,0,3,2,2260176,113009,870365,0,3243550,4,1,5,3243550.158,0,"870,365", -   ,113008.8111,3130541.346, -   
2003,Papua New Guinea,0,0,0,3,5,0,0,0,0,0,8,0,8,0,0, -   , -   ,0,0, -   
2004,Papua New Guinea,0,0,0,3,4,9592406,19824,6394937,0,16007167,8,0,8,16007166.96,0, -   ,"6,394,937",9592405.59,6414761.365, -   
2005,Papua New Guinea,0,0,0,3,9,0,0,32101794,0,32101794,9,1,10,32101794.36,0,"32,101,794", -   ,0,32101794.36, -   
2006,Papua New Guinea,0,0,0,4,16,0,0,0,0,0,10,0,10,0,0, -   , -   ,0,0, -   
2007,Papua New Guinea,0,0,0,4,30,0,0,768391,0,768391,3,0,3,768390.8648,0,"768,391", -   ,0,768390.8648, -   
2008,Papua New Guinea,0,0,0,4,69,853306,0,0,0,853306,4,0,4,853305.6112,0, -   , -   ,853305.6112,0, -   
2009,Papua New Guinea,0,0,0,4,81,0,0,106382974,0,106382974,6,2,8,106382974,0,"5,957,664","100,425,310",5957663.677,100425310.3, -   
2010,Papua New Guinea,0,0,0,4,98,0,0,81669300,0,81669300,7,1,8,37730942.64,43938357.17,"37,730,943","43,938,357",0,81669299.81, -   
2011,Papua New Guinea,0,0,2,4,106,0,0,10065386,0,10065386,9,0,9,10065385.9,0,"10,065,386", -   ,0,10065385.9, -   
2012,Papua New Guinea,0,0,0,4,113,10165203,0,1677724,0,11842927,4,0,4,11842927.5,0, -   ,"1,677,724",1677724.328,10165203.17, -   
2013,Papua New Guinea,0,0,0,4,144,0,0,11487332,0,11487332,6,0,6,11487332.38,0,"11,487,332", -   ,11487332.38,0, -   
2014,Papua New Guinea,0,0,0,4,210,0,0,0,0,0,5,0,5,0,0, -   , -   ,0,0, -   
2015,Papua New Guinea,0,0,1,4,287,0,0,0,0,0,2,0,2,0,0, -   , -   ,0,0, -   
2016,Papua New Guinea,0,0,,4,348,0,0,0,0,0,,,0,0,0, -   , -   ,0,0, -   
2000,Philippines,0,0,0,9,,0,0,0,0,0,7,2,9,0,0, -   , -   ,0,0, -   
2001,Philippines,0,0,4,9,,0,0,79572170,0,79572170,13,1,14,79572169.56,0,"79,572,170", -   ,0,79572169.56, -   
2002,Philippines,0,0,0,11,638,0,0,759660836,0,759660836,4,3,7,56470502.93,0,"703,190,334","56,470,503",703190333.6,56470502.93, -   
2003,Philippines,0,0,0,12,602,0,223568,0,0,223568,11,1,12,223567.7197,0, -   , -   ,0,223567.7197, -   
2004,Philippines,0,0,0,15,1375,0,103040,0,0,103040,9,2,11,103039.7057,0, -   , -   ,0,103039.7057, -   
2005,Philippines,0,0,0,17,2176,0,0,0,0,0,11,2,13,0,0, -   , -   ,0,0, -   
2006,Philippines,1,0,0,18,1512,0,1521344,0,0,1521344,19,3,22,1521343.802,0, -   , -   ,0,1521343.802, -   
2007,Philippines,1,0,0,23,1335,0,0,0,0,0,25,2,27,0,0, -   , -   ,0,0, -   
2008,Philippines,2,0,0,23,2362,0,0,0,0,0,0,0,0,0,0, -   , -   ,0,0, -   
2009,Philippines,2,0,1,24,2273,0,0,0,0,0,7,1,8,0,0, -   , -   ,0,0, -   
2010,Philippines,2,0,0,25,2989,0,0,279840605,0,279840605,6,0,6,0,154376549.7,"125,464,055","154,376,550",0,279840604.8, -   
2011,Philippines,3,0,0,27,2662,0,0,0,0,0,4,1,5,0,0, -   , -   ,0,0, -   
2012,Philippines,3,0,0,27,2642,0,0,0,0,0,8,0,8,0,0, -   , -   ,0,0, -   
2013,Philippines,3,0,1,27,2917,0,1641047,0,0,1641047,2,1,3,1641047.483,0, -   , -   ,0,1641047.483, -   
2014,Philippines,3,0,0,27,2929,0,0,0,0,0,1,0,1,0,0, -   , -   ,0,0, -   
2015,Philippines,4,0,0,27,3343,0,17903,0,0,17903,2,0,2,17902.98883,0, -   , -   ,0,17902.98883, -   
2016,Philippines,4,0,,29,3061,0,1209262,16155870,0,17365132,,,0,17365131.59,0,"16,155,870", -   ,16155869.93,1209261.666, -   
2000,Samoa,0,0,1,0,,0,0,0,0,0,6,0,6,0,0, -   , -   ,0,0, -   
2001,Samoa,0,0,1,0,,0,0,0,0,0,4,0,4,0,0, -   , -   ,0,0, -   
2002,Samoa,0,0,2,0,7,0,0,0,0,0,6,0,6,0,0, -   , -   ,0,0, -   
2003,Samoa,0,0,1,0,8,0,0,0,0,0,4,0,4,0,0, -   , -   ,0,0, -   
2004,Samoa,0,0,1,0,9,0,206079,0,0,206079,9,0,9,206079.4114,0, -   , -   ,0,206079.4114, -   
2005,Samoa,0,0,1,0,9,0,0,0,0,0,7,0,7,0,0, -   , -   ,0,0, -   
2006,Samoa,0,0,0,0,10,0,0,119561715,21153226,140714941,8,0,8,45065569.33,0,"119,561,715", -   ,0,140714941,"95,649,372"
2007,Samoa,0,0,1,0,26,0,0,39060765,0,39060765,6,0,6,39060765.42,0,"39,060,765", -   ,0,39060765.42,"39,060,765"
2008,Samoa,0,0,0,0,37,0,0,56535437,0,56535437,8,0,8,56535436.83,0,"56,535,437", -   ,0,56535436.83, -   
2009,Samoa,0,0,1,0,68,0,8129022,1981364,0,10110386,9,0,9,10110385.97,0,"1,981,364", -   ,1981364.23,8129021.737,"1,981,364"
2010,Samoa,0,0,0,0,67,0,0,0,0,0,6,0,6,0,0, -   , -   ,0,0, -   
2011,Samoa,0,0,2,0,82,0,0,36063488,0,36063488,7,0,7,36063488.22,0,"13,319,848","22,743,640",0,36063488.22, -   
2012,Samoa,0,0,1,0,97,0,0,11834721,0,11834721,6,0,6,11834720.98,0,"11,834,721", -   ,0,11834720.98, -   
2013,Samoa,0,0,0,0,96,0,0,2199908,0,2199908,8,0,8,2199907.717,0,"2,199,908", -   ,0,2199907.717, -   
2014,Samoa,0,0,0,0,113,0,0,31700000,0,31700000,7,0,7,31700000,0,"31,700,000", -   ,0,31700000, -   
2015,Samoa,0,0,1,1,129,51933098,0,0,0,51933098,6,0,6,0,0, -   , -   ,51933098.25,0, -   
2016,Samoa,0,0,,1,177,0,0,0,0,0,,,0,0,0, -   , -   ,0,0, -   
2000,Singapore,0,0,15,1,,0,0,0,0,0,28,2,30,0,0, -   , -   ,0,0, -   
2001,Singapore,0,0,1,1,,0,0,0,0,0,16,2,18,0,0, -   , -   ,0,0, -   
2002,Singapore,0,0,0,1,583,0,0,0,0,0,3,1,4,0,0, -   , -   ,0,0, -   
2003,Singapore,0,0,0,1,551,0,0,0,0,0,4,0,4,0,0, -   , -   ,0,0, -   
2004,Singapore,0,0,0,1,929,0,0,0,0,0,4,0,4,0,0, -   , -   ,0,0, -   
2005,Singapore,0,0,0,1,1322,0,0,0,0,0,4,0,4,0,0, -   , -   ,0,0, -   
2006,Singapore,1,0,0,1,1392,0,0,0,0,0,9,1,10,0,0, -   , -   ,0,0, -   
2007,Singapore,1,0,1,1,1480,0,0,0,0,0,15,0,15,0,0, -   , -   ,0,0, -   
2008,Singapore,1,0,0,1,2155,0,0,0,0,0,9,1,10,0,0, -   , -   ,0,0, -   
2009,Singapore,1,0,0,1,3198,0,0,0,0,0,16,0,16,0,0, -   , -   ,0,0, -   
2010,Singapore,1,0,0,1,3608,0,0,0,0,0,17,0,17,0,0, -   , -   ,0,0, -   
2011,Singapore,1,0,0,1,4483,0,0,0,0,0,6,1,7,0,0, -   , -   ,0,0, -   
2012,Singapore,1,0,1,1,4250,0,0,0,0,0,5,2,7,0,0, -   , -   ,0,0, -   
2013,Singapore,1,0,0,1,5290,0,0,0,0,0,7,3,10,0,0, -   , -   ,0,0, -   
2014,Singapore,1,0,0,1,5031,0,0,0,0,0,9,0,9,0,0, -   , -   ,0,0, -   
2015,Singapore,1,1,1,1,4865,0,0,0,0,0,9,2,11,0,0, -   , -   ,0,0, -   
2016,Singapore,1,1,,1,4983,0,0,0,0,0,,,0,0,0, -   , -   ,0,0, -   
2000,Thailand,0,0,2,5,,0,0,0,0,0,19,3,22,0,0, -   , -   ,0,0, -   
2001,Thailand,0,0,2,6,,0,0,0,0,0,23,4,27,0,0, -   , -   ,0,0, -   
2002,Thailand,0,0,5,8,1149,0,0,0,0,0,14,0,14,0,0, -   , -   ,0,0, -   
2003,Thailand,0,0,1,8,1554,0,0,0,0,0,16,0,16,0,0, -   , -   ,0,0, -   
2004,Thailand,0,0,1,10,2371,0,0,0,0,0,14,1,15,0,0, -   , -   ,0,0, -   
2005,Thailand,0,0,1,15,3594,0,1777535,0,0,1777535,22,1,23,1777535.098,0, -   , -   ,0,1777535.098, -   
2006,Thailand,8,0,1,16,5522,0,3605309,0,0,3605309,15,4,19,3605309.295,0, -   , -   ,0,3605309.295, -   
2007,Thailand,11,0,1,17,7306,0,0,0,0,0,7,5,12,0,0, -   , -   ,0,0, -   
2008,Thailand,11,0,0,21,8476,0,0,0,0,0,8,3,11,0,0, -   , -   ,0,0, -   
2009,Thailand,12,0,0,23,11379,0,0,0,0,0,15,7,22,0,0, -   , -   ,0,0, -   
2010,Thailand,12,0,2,24,13177,0,1857678,1244644,0,3102322,12,2,14,1857678.155,1244644.364,"1,244,644", -   ,1244644.364,1857678.155, -   
2011,Thailand,12,0,0,28,14145,0,6263561,0,0,6263561,6,0,6,6263561.431,0, -   , -   ,0,6263561.431, -   
2012,Thailand,12,1,0,28,16675,0,85178,0,0,85178,13,1,14,85177.77496,0, -   , -   ,0,85177.77496, -   
2013,Thailand,12,2,1,30,20106,0,0,0,0,0,15,0,15,0,0, -   , -   ,0,0, -   
2014,Thailand,12,2,0,31,21296,0,0,0,0,0,10,0,10,0,0, -   , -   ,0,0, -   
2015,Thailand,13,2,0,33,19976,0,0,0,0,0,15,2,17,0,0, -   , -   ,0,0, -   
2016,Thailand,14,2,,34,23044,0,0,0,0,0,,,0,0,0, -   , -   ,0,0, -   
2000,Timor-Leste,0,0,0,0,,0,0,0,0,0,0,0,0,0,0, -   , -   ,0,0, -   
2001,Timor-Leste,0,0,0,0,,0,0,0,0,0,0,0,0,0,0, -   , -   ,0,0, -   
2002,Timor-Leste,0,0,0,0,,0,0,0,0,0,1,2,3,0,0, -   , -   ,0,0, -   
2003,Timor-Leste,0,0,0,0,,0,0,0,0,0,5,0,5,0,0, -   , -   ,0,0, -   
2004,Timor-Leste,0,0,0,0,,0,0,0,0,0,7,0,7,0,0, -   , -   ,0,0, -   
2005,Timor-Leste,0,0,0,0,,0,0,0,0,0,3,0,3,0,0, -   , -   ,0,0, -   
2006,Timor-Leste,0,0,0,0,3,0,0,12875877,0,12875877,2,0,2,12875876.95,0,"12,875,877", -   ,0,12875876.95,"12,875,877"
2007,Timor-Leste,0,0,0,0,6,0,0,748779,0,748779,0,0,0,748779.1374,0,"748,779", -   ,0,748779.1374,"748,779"
2008,Timor-Leste,0,0,0,0,20,0,0,689457,0,689457,4,0,4,689456.5467,0,"689,457", -   ,0,689456.5467, -   
2009,Timor-Leste,0,0,0,0,23,0,0,0,0,0,3,0,3,0,0, -   , -   ,0,0, -   
2010,Timor-Leste,0,0,0,0,27,0,0,7546189,0,7546189,5,0,5,7546188.528,0,"7,546,189", -   ,0,7546188.528,"7,546,189"
2011,Timor-Leste,0,0,0,0,,0,0,0,0,0,4,1,5,0,0, -   , -   ,0,0, -   
2012,Timor-Leste,0,0,0,0,37,0,0,0,0,0,2,0,2,0,0, -   , -   ,0,0, -   
2013,Timor-Leste,0,0,1,0,46,0,0,0,0,0,1,0,1,0,0, -   , -   ,0,0, -   
2014,Timor-Leste,0,0,0,0,66,0,0,0,0,0,2,1,3,0,0, -   , -   ,0,0, -   
2015,Timor-Leste,0,0,0,0,135,0,0,50914802,0,50914802,6,1,7,50914802.21,0, -   ,"50,914,802",50914802.21,0, -   
2016,Timor-Leste,0,0,,0,152,0,0,0,0,0,,,0,0,0, -   , -   ,0,0, -   
2000,Tonga,0,0,0,0,,0,0,0,0,0,4,1,5,0,0, -   , -   ,0,0, -   
2001,Tonga,0,0,0,0,,0,0,0,0,0,5,2,7,0,0, -   , -   ,0,0, -   
2002,Tonga,0,0,1,0,3,0,0,9011260,0,9011260,10,0,10,9011259.917,0,"9,011,260", -   ,0,9011259.917, -   
2003,Tonga,0,0,1,0,7,0,0,0,0,0,4,0,4,0,0, -   , -   ,0,0, -   
2004,Tonga,0,0,0,0,9,0,0,0,0,0,8,0,8,0,0, -   , -   ,0,0, -   
2005,Tonga,0,0,0,0,14,0,0,0,0,0,11,0,11,0,0, -   , -   ,0,0, -   
2006,Tonga,0,0,1,0,31,0,0,5447737,0,5447737,6,0,6,5447737.096,0,"5,447,737", -   ,0,5447737.096,"2,723,869"
2007,Tonga,0,0,1,0,46,0,0,62255637,0,62255637,9,0,9,62255636.85,0,"62,255,637", -   ,0,62255636.85, -   
2008,Tonga,0,0,2,0,73,0,0,109399957,0,109399957,6,1,7,109399956.8,0,"108,407,741","992,216",0,109399956.8, -   
2009,Tonga,0,0,0,0,90,0,135710,0,0,135710,3,0,3,135709.8788,0, -   , -   ,0,135709.8788, -   
2010,Tonga,0,0,0,0,100,0,0,0,0,0,5,0,5,0,0, -   , -   ,0,0, -   
2011,Tonga,0,0,2,0,107,0,0,6420006,0,6420006,4,0,4,6420005.611,0,"6,420,006", -   ,0,6420005.611, -   
2012,Tonga,0,0,0,0,101,0,0,0,0,0,5,1,6,0,0, -   , -   ,0,0, -   
2013,Tonga,0,0,1,0,94,8134027,0,0,0,8134027,5,1,6,8134026.911,0, -   , -   ,8134026.911,0, -   
2014,Tonga,0,0,2,1,103,0,632000,0,0,632000,5,0,5,632000,0, -   , -   ,0,632000, -   
2015,Tonga,0,0,2,1,100,0,0,21843117,0,21843117,5,3,8,21760908.7,0,"21,794,759","48,358",9671514.977,12171601.6,"21,760,909"
2016,Tonga,0,0,,1,105,0,0,26641515,0,26641515,,,0,19379.73625,0,"26,641,515", -   ,26622135.25,19379.73625, -   
2000,Vanuatu,0,0,0,1,,0,0,0,11602407,11602407,5,0,5,11602407.31,0, -   , -   ,11602407.31,0, -   
2001,Vanuatu,0,0,0,1,,682047,0,0,0,682047,7,0,7,682047.1677,0, -   , -   ,0,682047.1677, -   
2002,Vanuatu,0,0,0,1,,0,0,0,0,0,3,0,3,0,0, -   , -   ,0,0, -   
2003,Vanuatu,0,0,0,1,,0,0,0,0,0,6,0,6,0,0, -   , -   ,0,0, -   
2004,Vanuatu,0,0,0,1,3,0,0,31674406,0,31674406,7,0,7,31674405.53,0,"31,674,406", -   ,0,31674405.53, -   
2005,Vanuatu,0,0,1,1,2,0,0,0,0,0,10,0,10,0,0, -   , -   ,0,0, -   
2006,Vanuatu,0,0,0,1,5,0,0,4341010,0,4341010,13,0,13,4341009.943,0,"4,341,010", -   ,0,4341009.943,"4,341,010"
2007,Vanuatu,0,0,2,1,10,0,0,0,0,0,11,0,11,0,0, -   , -   ,0,0, -   
2008,Vanuatu,0,0,1,1,18,0,0,7937727,0,7937727,9,0,9,7937726.616,0, -   ,"7,937,727",0,7937726.616, -   
2009,Vanuatu,0,0,2,1,25,0,0,3935586,0,3935586,9,0,9,3935586.484,0,"3,935,586", -   ,0,3935586.484, -   
2010,Vanuatu,0,0,1,1,27,0,0,0,0,0,12,1,13,0,0, -   , -   ,0,0, -   
2011,Vanuatu,0,0,1,1,33,0,0,0,0,0,8,0,8,0,0, -   , -   ,0,0, -   
2012,Vanuatu,0,0,0,1,42,0,52952,0,0,52952,3,0,3,52951.77174,0, -   , -   ,0,52951.77174, -   
2013,Vanuatu,0,0,1,1,33,0,0,108141888,0,108141888,5,1,6,108141887.8,0,"108,141,888", -   ,0,108141887.8,"3,009,590"
2014,Vanuatu,0,0,0,2,50,0,0,87905001,0,87905001,6,0,6,87905001.46,0,"87,905,001", -   ,0,87905001.46, -   
2015,Vanuatu,0,0,1,2,73,0,4905490,0,0,4905490,4,1,5,4905489.665,0, -   , -   ,0,4905489.665, -   
2016,Vanuatu,0,0,,2,158,0,0,0,0,0,,,0,0,0, -   , -   ,0,0, -   
2000,Vietnam,0,0,3,5,,0,0,124377804,0,124377804,50,5,55,124377804.1,0, -   ,"124,377,804",0,124377804.1, -   
2001,Vietnam,0,0,7,8,,0,0,0,0,0,77,9,86,0,0, -   , -   ,0,0, -   
2002,Vietnam,0,0,1,8,2336,0,0,193245067,0,193245067,8,0,8,193245067.1,0, -   ,"193,245,067",0,193245067.1, -   
2003,Vietnam,0,0,0,8,3487,0,0,39929032,0,39929032,8,1,9,0,39929032.1,"39,929,032", -   ,0,39929032.1, -   
2004,Vietnam,0,0,0,9,4382,0,0,720865781,0,720865781,8,0,8,0,205667252.5,"205,667,253","515,198,528",0,720865781, -   
2005,Vietnam,0,0,0,10,5842,0,0,900202988,0,900202988,5,1,6,14381630.05,0,"837,350,918","62,852,070",0,900202988.1,"14,381,630"
2006,Vietnam,0,0,0,12,7310,0,0,684260889,0,684260889,6,1,7,0,270393416, -   ,"684,260,889",0,684260889.4, -   
2007,Vietnam,0,0,0,14,9702,0,0,0,0,0,9,0,9,0,0, -   , -   ,0,0, -   
2008,Vietnam,0,0,1,16,10396,0,0,0,0,0,10,1,11,0,0, -   , -   ,0,0, -   
2009,Vietnam,0,0,2,18,12247,0,0,242242134,0,242242134,11,2,13,0,0, -   ,"242,242,134",0,242242133.6, -   
2010,Vietnam,0,0,1,22,13018,0,12577,377309426,0,377322003,11,0,11,12576.98088,0, -   ,"377,309,426",0,377322003.4, -   
2011,Vietnam,0,0,0,24,13549,0,0,158728188,0,158728188,8,1,9,0,158728187.6, -   ,"158,728,188",0,158728187.6, -   
2012,Vietnam,0,0,0,25,13038,0,10590,0,0,10590,14,0,14,10590.35435,0, -   , -   ,0,10590.35435, -   
2013,Vietnam,0,0,1,30,12799,0,0,305026009,0,305026009,9,1,10,0,0,"305,026,009", -   ,305026009.2,0, -   
2014,Vietnam,0,0,0,30,10658,0,0,0,0,0,14,0,14,0,0, -   , -   ,0,0, -   
2015,Vietnam,0,0,0,34,10031,0,0,0,0,0,13,3,16,0,0, -   , -   ,0,0, -   
2016,Vietnam,0,0,,35,10639,0,0,0,0,0,,,0,0,0, -   , -   ,0,0, -   